mol_id,chain,resnum,resname,aa,min_dist_nm,E_vdw_kJmol,E_elec_kJmol,E_residue_kJmol
CHEMBL19019_div,A,18,ALA,A,0.8520343207309439,-0.06448405434790772,0.2508222824846531,0.1863382281367454
CHEMBL19019_div,A,19,PHE,F,0.39072239345374954,-2.289701436793542,5.520209373973516,3.2305079371799734
CHEMBL19019_div,A,20,THR,T,0.6206747852253826,-0.5872860063561849,-10.349666501018822,-10.936952507375008
CHEMBL19019_div,A,21,VAL,V,0.241231056284368,-1.283584088306658,5.840776763461108,4.557192675154449
CHEMBL19019_div,A,22,THR,T,0.7674747611631447,-0.10829157470632221,-15.181990890175335,-15.290282464881658
CHEMBL19019_div,A,23,VAL,V,0.8872628198341063,-0.027786621758489463,0.3277087910298271,0.29992216927133764
CHEMBL19019_div,A,39,GLU,E,1.1771864567423111,-0.0018724782296467898,1.687015193302237,1.6851427150725902
CHEMBL19019_div,A,40,CYS,C,0.7000200495213024,-0.15867285461534789,6.605934171896074,6.447261317280726
CHEMBL19019_div,A,41,LYS,K,0.8218884501325634,-0.06504539408671603,-33.198632000643606,-33.26367739473032
CHEMBL19019_div,A,42,PHE,F,0.6098344764589304,-0.3727478744192221,-27.38685645510921,-27.759604329528432
CHEMBL19019_div,A,43,PRO,P,0.7259631266955008,-0.09561180841003442,-27.285417283493683,-27.381029091903716
CHEMBL19019_div,A,44,VAL,V,1.0180332642532512,-0.0017978702927925572,-2.054845977400538,-2.056643847693331
CHEMBL19019_div,A,48,LEU,L,1.027695917538523,-0.0018828865126821694,-7.917109017166702,-7.918991903679384
CHEMBL19019_div,A,51,ALA,A,1.1746952273703783,-0.00017750131426352942,-1.8132089305077725,-1.813386431822036
CHEMBL19019_div,A,52,ALA,A,0.8410309385119074,-0.059708681983227645,-0.1557277061663374,-0.21543638814956506
CHEMBL19019_div,A,53,LEU,L,0.7066154215343874,-0.2631915062462518,-16.277837459697437,-16.54102896594369
CHEMBL19019_div,A,54,ILE,I,0.31795864829457565,-2.884268344540953,-18.28689311817094,-21.171161462711893
CHEMBL19019_div,A,55,VAL,V,0.5669530006995429,-1.233038925685693,27.87372850018628,26.640689574500588
CHEMBL19019_div,A,56,TYR,Y,0.33759443302844466,-6.647410711001094,-36.67830017241395,-43.32571088341504
CHEMBL19019_div,A,57,TRP,W,0.7055111890698428,-0.4447724258955338,42.23280203503365,41.788029609138114
CHEMBL19019_div,A,58,GLU,E,0.6610394007746283,-0.4175689092482953,68.95998751449457,68.54241860524628
CHEMBL19019_div,A,59,MET,M,1.1246134913078667,-0.0007050953429939448,-2.3628196064821343,-2.363524701825128
CHEMBL19019_div,A,61,ASP,D,1.0400726694073488,-0.0029751429973635425,0.6242054676527986,0.621230324655435
CHEMBL19019_div,A,62,LYS,K,1.1017021590867426,-0.001957006838423979,3.629076703645325,3.627119696806901
CHEMBL19019_div,A,63,ASN,N,0.7223168478627505,-0.06353254967720645,44.73510385845847,44.67157130878127
CHEMBL19019_div,A,64,ILE,I,1.0136271540736717,-0.002295262372099152,2.1204340023488175,2.118138739976718
CHEMBL19019_div,A,65,ILE,I,0.8451610712744627,-0.050882070889842035,32.38921432273653,32.33833225184669
CHEMBL19019_div,A,66,GLN,Q,0.4766959347833834,-0.5785503197105073,0.2747719806915616,-0.3037783390189457
CHEMBL19019_div,A,67,PHE,F,0.7383959970446835,-0.13240205345246736,-15.526728529181879,-15.659130582634347
CHEMBL19019_div,A,68,VAL,V,0.6076249107766802,-0.16976944715288073,22.255058241207216,22.085288794054335
CHEMBL19019_div,A,69,HIS,H,0.9085502209437953,-0.025641800837064913,-23.41051299488618,-23.436154795723244
CHEMBL19019_div,A,70,GLY,G,1.0914548893496177,-0.0002514306604965872,-1.0676619467713802,-1.0679133774318768
CHEMBL19019_div,A,71,GLU,E,1.1741950644188581,-0.0003395605003312918,-3.687777322896732,-3.6881168833970635
CHEMBL19019_div,A,73,ASP,D,0.8669210269309866,-0.027428383101487916,-5.38150029056935,-5.408928673670838
CHEMBL19019_div,A,76,VAL,V,0.9077688274924787,-0.020266513829496357,-2.2737844533629197,-2.294050967192416
CHEMBL19019_div,A,87,LEU,L,1.0697375415819708,-0.007861998143605553,16.985522924036754,16.977660925893147
CHEMBL19019_div,A,92,LEU,L,1.0952278658522836,-0.0009314208192460372,-6.098358457167775,-6.099289877987021
CHEMBL19019_div,A,95,GLY,G,1.0870395872140206,-0.003823496528935919,-0.2223758097202091,-0.22619930624914503
CHEMBL19019_div,A,96,ASN,N,1.134869700177866,-0.0015666829392609303,-23.497640679869708,-23.499207362808967
CHEMBL19019_div,A,97,ALA,A,0.8141282045056983,-0.05635896548462708,9.565134009900426,9.508775044415799
CHEMBL19019_div,A,99,LEU,L,1.1904782283453907,-0.00017894031542049416,-1.5758917550718954,-1.5760706953873158
CHEMBL19019_div,A,112,TYR,Y,1.0569505571903428,-0.01085965954467878,1.0615127272641551,1.0506530677194763
CHEMBL19019_div,A,113,ARG,R,0.5742030723388388,-0.9229955644402151,-34.75743663582831,-35.68043220026853
CHEMBL19019_div,A,114,CYS,C,0.3895496654009677,-2.478514181206172,13.521675857411932,11.04316167620576
CHEMBL19019_div,A,115,MET,M,0.22206371986234316,-20.81913521492145,-26.116326291014072,-46.93546150593552
CHEMBL19019_div,A,116,ILE,I,0.24254078166884913,-13.536878688032095,1.761174566913529,-11.775704121118565
CHEMBL19019_div,A,117,SER,S,0.20170185792091197,-13.399515265934522,13.834250567326606,0.4347353013920845
CHEMBL19019_div,A,118,TYR,Y,0.40564232556047675,-1.6549493309077647,11.668768451431918,10.013819120524152
CHEMBL19019_div,A,119,GLY,G,0.24582175501028825,-2.774090538487084,-4.6364659628868194,-7.410556501373904
CHEMBL19019_div,A,120,GLY,G,0.2793362051822226,-10.07768507418899,-10.286880780755325,-20.364565854944317
CHEMBL19019_div,A,121,ALA,A,0.24153660508663433,-17.91871623550745,-14.487421724813247,-32.4061379603207
CHEMBL19019_div,A,122,ASP,D,0.21203619261854256,-8.869351479360205,38.90785983964463,30.038508360284425
CHEMBL19019_div,A,123,TYR,Y,0.19497118077652445,-4.187627861655108,-5.225225439404367,-9.412853301059474
CHEMBL19019_div,A,124,LYS,K,0.489802568920082,-1.0383391056245017,-5.421409444001849,-6.459748549626351
CHEMBL19019_div,A,125,ARG,R,0.874507276883393,-0.08753185858870229,27.69075377640725,27.603221917818548
CHEMBL19019_div,A,126,ILE,I,1.0731504527527351,-0.004637985825503291,5.800631141454684,5.79599315562918
CHEMBL19019_div,B,18,ALA,A,1.0904754324069932,-0.0006782733441666683,1.837837432124602,1.8371591587804355
CHEMBL19019_div,B,19,PHE,F,0.5779479465665837,-0.4409116844388368,-0.38465638925489226,-0.8255680736937291
CHEMBL19019_div,B,20,THR,T,0.8008583212991803,-0.07714642562650337,-6.572273052431008,-6.649419478057512
CHEMBL19019_div,B,21,VAL,V,0.6059054807531038,-0.28070603348652345,1.2826104857732756,1.0019044522867522
CHEMBL19019_div,B,22,THR,T,1.040673181833892,-0.004251990507014096,0.0014209811373611103,-0.002831009369652986
CHEMBL19019_div,B,23,VAL,V,1.0493732412985795,-0.0007136733721212073,0.0972281346138561,0.09651446124173489
CHEMBL19019_div,B,40,CYS,C,0.8846280201091697,-0.039389704055256325,3.0418914318624855,3.0025017278072292
CHEMBL19019_div,B,41,LYS,K,1.0654802160868564,-0.0025715839701307276,-0.7809407196566072,-0.7835123036267378
CHEMBL19019_div,B,42,PHE,F,0.9270533105300702,-0.02636679441923425,-10.514590956638358,-10.540957751057592
CHEMBL19019_div,B,43,PRO,P,1.128448636863462,-0.00011323576804892289,0.6736731151335987,0.6735598793655498
CHEMBL19019_div,B,48,LEU,L,1.1359577834093655,-0.00010658177105658475,1.5535295756622403,1.5534229938911837
CHEMBL19019_div,B,50,LEU,L,1.016061475908595,-0.0046597281452479,-3.465086350901939,-3.469746079047187
CHEMBL19019_div,B,51,ALA,A,1.0657328625599574,-0.005848665865852332,-1.6568304940602934,-1.6626791599261457
CHEMBL19019_div,B,52,ALA,A,0.7738812762774777,-0.08725358050690347,-30.315328429843404,-30.402582010350308
CHEMBL19019_div,B,53,LEU,L,0.6497352560503713,-0.43672268682537563,0.2415281623668094,-0.19519452445856622
CHEMBL19019_div,B,54,ILE,I,0.22191864644635537,-9.609719754336654,-2.0352242522866186,-11.644944006623273
CHEMBL19019_div,B,55,VAL,V,0.3409130591984337,-6.503341517926036,4.105641937950624,-2.397699579975412
CHEMBL19019_div,B,56,TYR,Y,0.2290811653283985,-13.749940029942168,1.1038162873057598,-12.646123742636409
CHEMBL19019_div,B,57,TRP,W,0.6605605698102107,-0.6574898095918547,18.213275269992206,17.55578546040035
CHEMBL19019_div,B,58,GLU,E,0.6306540384082204,-0.5415334263775406,28.01021053679197,27.46867711041443
CHEMBL19019_div,B,59,MET,M,1.1081896344609383,-0.0010052860479710878,-2.7788518695648623,-2.7798571556128335
CHEMBL19019_div,B,60,GLU,E,1.1815819643850767,-3.967019445997804e-06,1.00625698448618,1.006253017466734
CHEMBL19019_div,B,61,ASP,D,0.9413010076513461,-0.025360946862000147,-47.698734714030174,-47.724095660892175
CHEMBL19019_div,B,62,LYS,K,1.1243423815050748,-0.004458609674647112,-1.9235792139739099,-1.928037823648557
CHEMBL19019_div,B,63,ASN,N,0.7287360029207552,-0.30130152709721686,34.72979109202486,34.428489564927645
CHEMBL19019_div,B,64,ILE,I,0.8694419146628033,-0.04991697360587799,23.684223987624783,23.634307014018905
CHEMBL19019_div,B,65,ILE,I,0.6662254963972016,-0.34402565058888085,-2.8445632921110326,-3.1885889426999134
CHEMBL19019_div,B,66,GLN,Q,0.16236393963655416,3.2507835476283304,3.9028124321462703,7.1535959797746
CHEMBL19019_div,B,67,PHE,F,0.4267393728352621,-1.465171402223425,-8.093857969811458,-9.559029372034882
CHEMBL19019_div,B,68,VAL,V,0.3836735524237075,-1.3751589983780728,-14.22667137757287,-15.601830375950943
CHEMBL19019_div,B,69,HIS,H,0.7246179133889652,-0.33540380611244125,-3.8802410328801256,-4.215644838992567
CHEMBL19019_div,B,70,GLY,G,0.9726103293742503,-0.0046704757757632075,16.27615749678693,16.271487021011165
CHEMBL19019_div,B,71,GLU,E,0.8456258615803537,-0.027393606123157152,-11.858457213729281,-11.885850819852438
CHEMBL19019_div,B,72,GLU,E,0.7943860340849764,-0.04189385287949475,13.378517609782735,13.33662375690324
CHEMBL19019_div,B,73,ASP,D,0.6229342512122353,-0.2207164303045563,-31.373194054362237,-31.593910484666793
CHEMBL19019_div,B,74,LEU,L,0.9503810657525164,-0.01879027767923908,2.313033376903993,2.2942430992247536
CHEMBL19019_div,B,75,LYS,K,0.8404832618705047,-0.04556870580837907,-27.19777939687656,-27.243348102684937
CHEMBL19019_div,B,76,VAL,V,0.3810937801704744,-0.8552693739875129,0.6994622344941412,-0.15580713949337166
CHEMBL19019_div,B,77,GLN,Q,0.8990118939679193,-0.016211767847236845,-21.538956128796997,-21.555167896644235
CHEMBL19019_div,B,78,HIS,H,1.0846294815161532,-0.001288805457936054,2.123198359992819,2.121909554534883
CHEMBL19019_div,B,82,ARG,R,1.1398081913770846,-1.5931157183605127e-09,31.387452445433738,31.387452443840623
CHEMBL19019_div,B,87,LEU,L,0.8439477485272286,-0.04120657544743971,0.3366926888523881,0.2954861134049484
CHEMBL19019_div,B,92,LEU,L,1.037370131501964,-0.0030883776985004135,-1.279631876112894,-1.2827202538113944
CHEMBL19019_div,B,97,ALA,A,0.9440465799462184,-0.02086919957313568,-7.603856073475731,-7.624725273048867
CHEMBL19019_div,B,99,LEU,L,1.1404389049055133,-0.0005059793615676524,4.6912445331094546,4.690738553747887
CHEMBL19019_div,B,112,TYR,Y,1.0625949911423886,-0.009199214670826725,0.5864499784685456,0.5772507637977189
CHEMBL19019_div,B,113,ARG,R,0.5795454385623706,-0.7779915017445165,-5.682619679011206,-6.4606111807557225
CHEMBL19019_div,B,114,CYS,C,0.5387636336252196,-0.7787773614572867,-5.410363589402743,-6.18914095086003
CHEMBL19019_div,B,115,MET,M,0.23171209415275787,-19.64758571889045,1.2246614959934599,-18.42292422289699
CHEMBL19019_div,B,116,ILE,I,0.27136291948572777,-10.147989219636914,15.090524485716553,4.9425352660796396
CHEMBL19019_div,B,117,SER,S,0.25295674089062514,-10.141592505229262,-17.52109234509234,-27.662684850321604
CHEMBL19019_div,B,118,TYR,Y,0.5866795431747109,-0.42918518709382697,-28.50786657667341,-28.937051763767236
CHEMBL19019_div,B,119,GLY,G,0.733667148917629,-0.21224581188508734,-12.377060244388453,-12.58930605627354
CHEMBL19019_div,B,120,GLY,G,0.5784214398633439,-0.4684894027182536,-29.6946835543403,-30.163172957058556
CHEMBL19019_div,B,121,ALA,A,0.24247299930506863,-5.680726640889672,-6.854460543616399,-12.535187184506071
CHEMBL19019_div,B,122,ASP,D,0.2887082030538067,-7.1521948239824935,-33.72700158142287,-40.87919640540536
CHEMBL19019_div,B,123,TYR,Y,0.22113434760671546,-8.04273911976678,-1.6079239124186833,-9.650663032185463
CHEMBL19019_div,B,124,LYS,K,0.5754311653237675,-0.4075911914382158,-19.815349786657116,-20.22294097809533
CHEMBL19019_div,B,125,ARG,R,0.8628705356016825,-0.05915064671364913,9.71286412345999,9.653713476746342
CHEMBL19019_div,B,126,ILE,I,1.1603281274302983,-7.206623504919714e-05,0.15888300918149056,0.15881094294644138
CHEMBL428690_div,A,18,ALA,A,0.6398988212698887,-0.246791096764854,38.381081834941284,38.13429073817643
CHEMBL428690_div,A,19,PHE,F,0.6205168139353326,-0.8383604720828497,-7.406895613736277,-8.245256085819127
CHEMBL428690_div,A,20,THR,T,0.9035935903561989,-0.11532059738816111,-18.202515316729354,-18.317835914117516
CHEMBL428690_div,A,21,VAL,V,0.6825904626617209,-0.36515704180301145,-5.4562477413694515,-5.821404783172463
CHEMBL428690_div,A,22,THR,T,1.193226365831745,-3.7403373708777517e-06,0.9083657326950991,0.9083619923577283
CHEMBL428690_div,A,40,CYS,C,1.0223231358106777,-0.021164008177517728,-3.961318552126925,-3.9824825603044425
CHEMBL428690_div,A,41,LYS,K,1.197734410948718,-0.00015797866582594486,-1.961661101805047,-1.9618190804708728
CHEMBL428690_div,A,42,PHE,F,1.0461201951224035,-0.005556074313843756,0.12598911789822154,0.12043304358437779
CHEMBL428690_div,A,43,PRO,P,1.1195219363652829,-0.00035413438173620925,0.6908308068645134,0.6904766724827771
CHEMBL428690_div,A,48,LEU,L,1.1432748402056847,-9.96560915240801e-05,1.4430693523421898,1.4429696962506657
CHEMBL428690_div,A,49,ASP,D,1.1043615560628084,-0.0002758910326966954,-2.94105699285527,-2.941332883887967
CHEMBL428690_div,A,50,LEU,L,1.078262637981856,-0.0016108910454485604,-1.2069065690236658,-1.2085174600691144
CHEMBL428690_div,A,51,ALA,A,0.9479353027245742,-0.009151065338184826,0.7504448370386325,0.7412937717004477
CHEMBL428690_div,A,52,ALA,A,0.6135979425156359,-0.13213763912112111,37.81606806892967,37.68393042980855
CHEMBL428690_div,A,53,LEU,L,0.684114498598824,-0.23763534993673863,17.404630726805163,17.166995376868424
CHEMBL428690_div,A,54,ILE,I,0.3000531778807391,-5.036190547866972,-37.651226880656296,-42.68741742852327
CHEMBL428690_div,A,55,VAL,V,0.6384586026027668,-0.7099707419525108,-13.250127661222004,-13.960098403174515
CHEMBL428690_div,A,56,TYR,Y,0.26521910997994713,-10.813319501946909,5.611426822317392,-5.201892679629517
CHEMBL428690_div,A,57,TRP,W,0.5405255586347835,-0.7253311416829145,-5.914409227880212,-6.6397403695631265
CHEMBL428690_div,A,58,GLU,E,0.30591755278181176,-5.620126989269809,-88.74801876099845,-94.36814575026825
CHEMBL428690_div,A,59,MET,M,0.753057482975537,-0.1134516522784376,2.2640974399572604,2.150645787678823
CHEMBL428690_div,A,60,GLU,E,0.7057488976064571,-0.14880080117153455,-3.703570234488348,-3.8523710356598824
CHEMBL428690_div,A,61,ASP,D,0.44687257127269614,-1.037682164929142,-16.1049080974012,-17.14259026233034
CHEMBL428690_div,A,62,LYS,K,0.773818810985604,-0.10376599973474396,-6.310628736574135,-6.414394736308879
CHEMBL428690_div,A,63,ASN,N,0.542122619160154,-0.299281702086357,-5.442536640731717,-5.741818342818074
CHEMBL428690_div,A,64,ILE,I,0.7237099563438184,-0.07961025748076922,4.785929848956879,4.7063195914761105
CHEMBL428690_div,A,65,ILE,I,0.5853784689079027,-0.2716708159962194,2.3818699072808664,2.110199091284647
CHEMBL428690_div,A,66,GLN,Q,0.5698995225531681,-0.5925791179016445,-1.839569639792812,-2.4321487576944567
CHEMBL428690_div,A,67,PHE,F,0.7015308122004872,-0.1838622640958914,63.076715187567515,62.89285292347162
CHEMBL428690_div,A,68,VAL,V,0.6836581857327789,-0.2715706658739524,-3.0708994607345392,-3.3424701266084917
CHEMBL428690_div,A,69,HIS,H,0.8505067988535223,-0.03660430240804158,6.098818168823765,6.062213866415724
CHEMBL428690_div,A,70,GLY,G,1.1476652261979143,-8.023965034366731e-06,2.674360895199394,2.6743528712343596
CHEMBL428690_div,A,72,GLU,E,1.132528455405661,-6.324595049633044e-05,0.5452176986848202,0.5451544527343238
CHEMBL428690_div,A,73,ASP,D,0.9987576037042598,-0.009883496265612305,27.98948331833362,27.979599822068007
CHEMBL428690_div,A,76,VAL,V,0.8566794814818292,-0.036485413351410395,-1.4573261714622328,-1.493811584813643
CHEMBL428690_div,A,77,GLN,Q,1.0246126910395013,-0.0019408737523963656,4.534873827259142,4.532932953506746
CHEMBL428690_div,A,78,HIS,H,1.0501179305536155,-0.0008952381993812243,0.917145576748676,0.9162503385492948
CHEMBL428690_div,A,81,TYR,Y,1.187951049665945,-5.346553609524669e-05,2.437546580389966,2.4374931148538708
CHEMBL428690_div,A,87,LEU,L,1.1261394798476763,-0.00037540668060832426,0.30935372018188334,0.308978313501275
CHEMBL428690_div,A,97,ALA,A,1.084614029876391,-0.0038510636906052753,0.46598541991108666,0.4621343562204814
CHEMBL428690_div,A,99,LEU,L,1.1017123919572014,-0.0006334203648282342,-2.713199409003031,-2.7138328293678593
CHEMBL428690_div,A,111,VAL,V,1.151823752352867,-0.002388149603738335,0.3900671785303589,0.38767902892662054
CHEMBL428690_div,A,112,TYR,Y,0.9928819247126524,-0.05910202962153687,8.208993490469249,8.149891460847712
CHEMBL428690_div,A,113,ARG,R,0.3438694616100568,-3.389064756637573,-18.34033840769594,-21.72940316433351
CHEMBL428690_div,A,114,CYS,C,0.7025313049478962,-0.5768360955210473,4.777945771020636,4.2011096754995885
CHEMBL428690_div,A,115,MET,M,0.2823275437208656,-18.39485314247385,-8.689037316240878,-27.083890458714727
CHEMBL428690_div,A,116,ILE,I,0.5372355338388742,-1.4014975314339546,12.298460202517921,10.896962671083966
CHEMBL428690_div,A,117,SER,S,0.2604985194030807,-9.613911325256934,1.9547753410865294,-7.659135984170405
CHEMBL428690_div,A,118,TYR,Y,0.5550801116643771,-0.7801274265740608,-17.913937351532514,-18.694064778106576
CHEMBL428690_div,A,119,GLY,G,0.4165218226632185,-1.9605801740017668,-9.81116169749734,-11.771741871499106
CHEMBL428690_div,A,120,GLY,G,0.23744553314207387,-8.894201004650009,-2.804609419503925,-11.698810424153933
CHEMBL428690_div,A,121,ALA,A,0.23391996742930068,-19.089238010402752,4.702556941889086,-14.386681068513667
CHEMBL428690_div,A,122,ASP,D,0.3493361906110946,-4.582343163911285,-37.36110531997789,-41.94344848388917
CHEMBL428690_div,A,123,TYR,Y,0.2472406867675269,-6.867284283719395,20.478223619847938,13.610939336128542
CHEMBL428690_div,A,124,LYS,K,0.7849865897858946,-0.2754115459809536,-17.49483924344842,-17.770250789429376
CHEMBL428690_div,A,125,ARG,R,0.9094804431901323,-0.06509617816348065,-28.32147875265389,-28.386574930817368
CHEMBL428690_div,A,126,ILE,I,1.1864159354323496,-3.4238168505489422e-06,2.2426010873333104,2.24259766351646
CHEMBL428690_div,B,19,PHE,F,0.6083948204073762,-0.2743133704847681,-34.72243886692303,-34.9967522374078
CHEMBL428690_div,B,20,THR,T,1.0224992492460179,-0.013009894827347159,-8.568757291323168,-8.581767186150515
CHEMBL428690_div,B,21,VAL,V,0.6479867859724768,-0.2283560150369188,4.241652655017338,4.013296639980419
CHEMBL428690_div,B,22,THR,T,1.15601161133371,-0.00020750521017296643,0.7410766611610204,0.7408691559508475
CHEMBL428690_div,B,23,VAL,V,1.1444652720291866,-0.00027012914644592985,1.1999229087814234,1.1996527796349774
CHEMBL428690_div,B,40,CYS,C,0.9911478952001778,-0.025957607789452598,1.9775476603649764,1.9515900525755239
CHEMBL428690_div,B,41,LYS,K,1.148532417261961,-0.0005400094306012279,-10.797826120268676,-10.798366129699277
CHEMBL428690_div,B,42,PHE,F,0.9532090062179035,-0.029728534934620243,-6.673081071217238,-6.702809606151859
CHEMBL428690_div,B,43,PRO,P,1.0630105528201126,-0.0005911339315419258,1.4700154359260262,1.4694243019944844
CHEMBL428690_div,B,49,ASP,D,1.1971585801592834,-0.00015124720107066974,-2.661261938402528,-2.6614131856035983
CHEMBL428690_div,B,50,LEU,L,1.1359662752477497,-0.001505028014596348,6.873923118529968,6.872418090515371
CHEMBL428690_div,B,51,ALA,A,1.035137882362198,-0.008904425657782685,2.5446021988177416,2.535697773159959
CHEMBL428690_div,B,52,ALA,A,0.7012813506106259,-0.12265285367998639,-24.575442761320584,-24.69809561500057
CHEMBL428690_div,B,53,LEU,L,0.7362717760470824,-0.29739685237543995,2.7830226104240046,2.4856257580485646
CHEMBL428690_div,B,54,ILE,I,0.22709102797194936,-9.934567828222793,7.3694254063122075,-2.5651424219105854
CHEMBL428690_div,B,55,VAL,V,0.4820225808476093,-1.846040363964471,6.000244236029832,4.154203872065361
CHEMBL428690_div,B,56,TYR,Y,0.2823097057423654,-25.573888004666227,3.100954253531827,-22.4729337511344
CHEMBL428690_div,B,57,TRP,W,0.5527035042578018,-1.8081718280253432,-31.130395073298118,-32.93856690132346
CHEMBL428690_div,B,58,GLU,E,0.29326748936386315,-9.932000289879666,-56.468914752676994,-66.40091504255666
CHEMBL428690_div,B,59,MET,M,0.719204941324793,-0.21213030849474881,-30.126443773528646,-30.338574082023396
CHEMBL428690_div,B,60,GLU,E,0.7552902766663315,-0.13010102391259684,-3.6196714760773148,-3.749772499989912
CHEMBL428690_div,B,61,ASP,D,0.6935492684609257,-0.3005767115321712,-10.819212081476154,-11.119788793008325
CHEMBL428690_div,B,62,LYS,K,0.6936088502662512,-0.2689993018175217,18.64407670442075,18.375077402603228
CHEMBL428690_div,B,63,ASN,N,0.27339073156005494,-5.181025023559494,-67.69180655417375,-72.87283157773325
CHEMBL428690_div,B,64,ILE,I,0.644095792312219,-0.2767960048726214,-26.42791933689947,-26.704715341772093
CHEMBL428690_div,B,65,ILE,I,0.6824502607186405,-0.4350328755048044,-12.883745836266947,-13.31877871177175
CHEMBL428690_div,B,66,GLN,Q,0.4236138241675334,-1.8852045093629455,-33.20232003244418,-35.08752454180712
CHEMBL428690_div,B,67,PHE,F,0.6464392375349515,-0.3439859654710657,1.7422720672524488,1.398286101781383
CHEMBL428690_div,B,68,VAL,V,0.4624893337004537,-0.7474549868094716,19.005234945193003,18.25777995838353
CHEMBL428690_div,B,69,HIS,H,0.7336134057492721,-0.21639378834734516,45.457292726765836,45.24089893841849
CHEMBL428690_div,B,70,GLY,G,1.1254333638304364,-5.2783758660482295e-05,-12.179895500162369,-12.179948283921028
CHEMBL428690_div,B,71,GLU,E,1.0678521893834687,-0.0013133525885098197,22.643715947660134,22.642402595071623
CHEMBL428690_div,B,72,GLU,E,1.0746398398654278,-0.0005441142742090258,6.38702582364386,6.386481709369651
CHEMBL428690_div,B,73,ASP,D,0.883497687879562,-0.056433291561943925,51.91893066391155,51.86249737234961
CHEMBL428690_div,B,74,LEU,L,1.1592662356166488,-0.002592489828014295,-9.498887355618763,-9.501479845446777
CHEMBL428690_div,B,75,LYS,K,1.0249614477478113,-0.016745420276258614,0.9344823406697569,0.9177369203934983
CHEMBL428690_div,B,76,VAL,V,0.5508324864118426,-0.6232088701155317,-0.7001626428044054,-1.323371512919937
CHEMBL428690_div,B,77,GLN,Q,0.9417419481480629,-0.035237977191384606,-67.17259013602522,-67.2078281132166
CHEMBL428690_div,B,78,HIS,H,1.0164895200689656,-0.012339788158698912,8.373129179390787,8.360789391232089
CHEMBL428690_div,B,81,TYR,Y,1.0687058112607817,-0.0027694850090034815,19.18697109361182,19.184201608602816
CHEMBL428690_div,B,87,LEU,L,1.0863255415255906,-0.002006995465307842,2.0250619040291733,2.0230549085638656
CHEMBL428690_div,B,92,LEU,L,1.1481351892066303,-9.685391663228642e-05,2.005461990390426,2.005365136473794
CHEMBL428690_div,B,97,ALA,A,1.0367020585543174,-0.0036063189815961727,-9.509990645806292,-9.513596964787888
CHEMBL428690_div,B,99,LEU,L,1.10984813538776,-0.0030623882282273013,5.025960182909042,5.022897794680815
CHEMBL428690_div,B,111,VAL,V,0.7616914864867466,-0.07658148772822866,29.739243818223557,29.662662330495326
CHEMBL428690_div,B,112,TYR,Y,0.7720724549145266,-0.13579228851854286,27.31495715974487,27.179164871226327
CHEMBL428690_div,B,113,ARG,R,0.24339867782662833,-8.84601488181897,73.78358807139769,64.93757318957871
CHEMBL428690_div,B,114,CYS,C,0.6734538163259606,-0.9431232635806247,-0.7596216003460091,-1.7027448639266338
CHEMBL428690_div,B,115,MET,M,0.2937406356483959,-21.173823990040066,-5.03599098719068,-26.209814977230746
CHEMBL428690_div,B,116,ILE,I,0.2967065451029699,-7.044685330131897,-12.512460521379403,-19.5571458515113
CHEMBL428690_div,B,117,SER,S,0.20442571671047138,-4.4890452550507165,-11.281022642454042,-15.77006789750476
CHEMBL428690_div,B,118,TYR,Y,0.5934872335320727,-0.2615875866883799,10.182014763539552,9.920427176851172
CHEMBL428690_div,B,119,GLY,G,0.7082321542414058,-0.12678417600264852,-11.680174322412745,-11.806958498415392
CHEMBL428690_div,B,120,GLY,G,0.5165253333621587,-0.48639294881962053,3.463529788182311,2.9771368393626902
CHEMBL428690_div,B,121,ALA,A,0.26863597382592536,-6.293673422669277,19.082197243939873,12.788523821270596
CHEMBL428690_div,B,122,ASP,D,0.41973234161123835,-2.477385586165359,53.95473158293339,51.47734599676803
CHEMBL428690_div,B,123,TYR,Y,0.24515447189920064,-11.351388185272748,13.797883583366044,2.4464953980932957
CHEMBL428690_div,B,124,LYS,K,0.6802963207857455,-0.39460895016723524,-6.89936133623175,-7.293970286398985
CHEMBL428690_div,B,125,ARG,R,0.547272885595894,-0.4406078233373544,51.53562904531186,51.095021221974505
CHEMBL428690_div,B,126,ILE,I,0.8956169660318198,-0.01410683936287916,11.59994295282337,11.585836113460491
CHEMBL273264_div,A,18,ALA,A,0.8773398899708206,-0.05896548500674394,34.38063216965809,34.32166668465135
CHEMBL273264_div,A,19,PHE,F,0.48861926629007596,-1.5946581554475017,-13.395675600898796,-14.990333756346297
CHEMBL273264_div,A,20,THR,T,0.4537232168473942,-1.3394294261470157,-6.598902137126224,-7.938331563273239
CHEMBL273264_div,A,21,VAL,V,0.20778006765850285,-11.609805407121813,-7.34107983191897,-18.950885239040783
CHEMBL273264_div,A,22,THR,T,0.3041894753711791,-4.42371280217155,22.443175045092502,18.01946224292095
CHEMBL273264_div,A,23,VAL,V,0.3263966540537441,-2.1816908510446362,-2.947875509135235,-5.129566360179871
CHEMBL273264_div,A,24,PRO,P,0.6663231703165924,-0.09712695684914437,-4.352938520060783,-4.450065476909927
CHEMBL273264_div,A,25,LYS,K,0.8826435646795288,-0.024354296213751608,8.054746315140054,8.030392018926303
CHEMBL273264_div,A,26,ASP,D,0.9842669573440959,-0.007836824944300666,11.42867646251338,11.42083963756908
CHEMBL273264_div,A,28,TYR,Y,1.1272949107894699,-3.461712869206522e-05,-3.2370344696091866,-3.2370690867378786
CHEMBL273264_div,A,38,ILE,I,1.007035742644771,-0.006807402868734625,-9.102801143949359,-9.109608546818093
CHEMBL273264_div,A,39,GLU,E,0.715182629438966,-0.07381875686673663,-17.149944179507813,-17.22376293637455
CHEMBL273264_div,A,40,CYS,C,0.41911093805063904,-1.480229823009957,4.3914040901057,2.9111742670957432
CHEMBL273264_div,A,41,LYS,K,0.5035814443245499,-0.5224953417913608,9.608228926196393,9.085733584405032
CHEMBL273264_div,A,42,PHE,F,0.6125066265380763,-0.44702679143884544,0.7053857667400293,0.25835897530118385
CHEMBL273264_div,A,43,PRO,P,0.733210906282819,-0.1953698598704524,0.39015213527018355,0.19478227539973114
CHEMBL273264_div,A,48,LEU,L,1.098689215671838,-0.0007101279142554894,-1.0020137805822484,-1.0027239084965038
CHEMBL273264_div,A,52,ALA,A,1.1333327575748355,-0.00034746048398060224,-8.764038608030148,-8.76438606851413
CHEMBL273264_div,A,53,LEU,L,0.8325504530867246,-0.06526706418854694,-12.062740667609368,-12.128007731797915
CHEMBL273264_div,A,54,ILE,I,0.5728396003773157,-0.602327558882631,-16.19978648796531,-16.80211404684794
CHEMBL273264_div,A,55,VAL,V,0.6833194493293695,-0.2505828162888216,-19.774371934921316,-20.02495475121014
CHEMBL273264_div,A,56,TYR,Y,0.6144541306089556,-1.2321772835682039,12.262405345561792,11.030228061993588
CHEMBL273264_div,A,57,TRP,W,0.7023955583267618,-0.30185854811953117,-31.792815720315865,-32.0946742684354
CHEMBL273264_div,A,58,GLU,E,0.630761647040079,-0.468626021617856,45.84597281582084,45.377346794202985
CHEMBL273264_div,A,59,MET,M,1.108000878814276,-0.002053375060558624,0.4122579633842549,0.4102045883236963
CHEMBL273264_div,A,60,GLU,E,1.0974997329577616,-0.00030072789018282734,-1.9991375162584442,-1.999438244148627
CHEMBL273264_div,A,61,ASP,D,0.8906532706534674,-0.040637981208283915,55.0203659932014,54.97972801199312
CHEMBL273264_div,A,63,ASN,N,1.1021266017019957,-0.00042403865006746986,5.303080885443789,5.302656846793721
CHEMBL273264_div,A,65,ILE,I,1.1453836446700743,-0.0005674081059472374,-11.776119607471662,-11.77668701557761
CHEMBL273264_div,A,66,GLN,Q,1.0915279187279046,-0.00997794786759503,-16.04057291555559,-16.050550863423183
CHEMBL273264_div,A,67,PHE,F,1.0937462632789476,-0.0023807191684886925,24.275873295372715,24.273492576204227
CHEMBL273264_div,A,68,VAL,V,1.1207741744731812,-0.0018465716343230574,-7.751986106651059,-7.753832678285383
CHEMBL273264_div,A,87,LEU,L,1.1654171594073959,-3.7220405720809325e-05,3.0233527180078212,3.0233154976021006
CHEMBL273264_div,A,92,LEU,L,1.1690349307814378,-3.252378327498049e-05,0.7665110901516023,0.7664785663683273
CHEMBL273264_div,A,95,GLY,G,0.9522654827634541,-0.01194795250910556,12.282079953449523,12.270132000940418
CHEMBL273264_div,A,96,ASN,N,0.9211839667608199,-0.025861783381927135,-1.6283880334424055,-1.6542498168243327
CHEMBL273264_div,A,97,ALA,A,0.7710097065999865,-0.07324549882621473,-0.3646039700289261,-0.4378494688551408
CHEMBL273264_div,A,98,ALA,A,1.0837087920966348,-0.001856125626341536,6.953594793497917,6.951738667871576
CHEMBL273264_div,A,99,LEU,L,1.0518519161311448,-0.0008871387212220288,-15.754132777098063,-15.755019915819284
CHEMBL273264_div,A,111,VAL,V,1.0646428439225282,-0.0006221760028244166,7.168081163634521,7.167458987631696
CHEMBL273264_div,A,112,TYR,Y,0.8579408710133066,-0.031884793198670415,13.16817878309558,13.13629398989691
CHEMBL273264_div,A,113,ARG,R,0.45675601883983397,-1.2534602698265025,-12.074539264760977,-13.32799953458748
CHEMBL273264_div,A,114,CYS,C,0.29084763199817465,-5.361983832001883,1.1253941784104855,-4.236589653591397
CHEMBL273264_div,A,115,MET,M,0.2803783033832456,-19.48120686721787,-10.880291898802685,-30.361498766020556
CHEMBL273264_div,A,116,ILE,I,0.1758149033458031,-8.275590368927732,-26.975586799426168,-35.2511771683539
CHEMBL273264_div,A,117,SER,S,0.4491085562684237,-1.889461634947919,-1.445030767436771,-3.33449240238469
CHEMBL273264_div,A,118,TYR,Y,0.6817932977685874,-0.1996983805993824,4.822559546281352,4.622861165681969
CHEMBL273264_div,A,119,GLY,G,0.762836690643328,-0.17283100569918428,7.3477341943460495,7.174903188646865
CHEMBL273264_div,A,120,GLY,G,0.6407968660950626,-0.5758220024078683,2.9985017621420607,2.4226797597341925
CHEMBL273264_div,A,121,ALA,A,0.268724189509824,-12.943365807474239,3.8074368194764787,-9.13592898799776
CHEMBL273264_div,A,122,ASP,D,0.21451130049869024,2028.0043780103385,-17.710084816681956,2010.2942931936566
CHEMBL273264_div,A,123,TYR,Y,0.20523656517163977,76.87058870067055,-22.066555122246232,54.804033578424324
CHEMBL273264_div,A,124,LYS,K,0.2527179176030616,-8.178797079073332,-1.0260284177887415,-9.204825496862075
CHEMBL273264_div,A,125,ARG,R,0.574339830795098,-0.3666090988786064,24.13588672581957,23.769277626940966
CHEMBL273264_div,A,126,ILE,I,0.7018969422546516,-0.08701149597771178,27.02015293525923,26.933141439281517
CHEMBL273264_div,A,127,THR,T,1.191421198650746,-3.06035828739831e-05,-3.20518010896295,-3.2052107125458242
CHEMBL273264_div,B,19,PHE,F,0.8031385614635244,-0.04077635166309348,-7.599984037621959,-7.640760389285052
CHEMBL273264_div,B,20,THR,T,1.1764699540438137,-0.00018816871303834476,5.192250713484048,5.19206254477101
CHEMBL273264_div,B,21,VAL,V,0.6769741336614643,-0.2581672113383924,-4.976528765035663,-5.234695976374056
CHEMBL273264_div,B,22,THR,T,1.013435084187708,-0.013294001261452458,18.441164272653175,18.427870271391722
CHEMBL273264_div,B,23,VAL,V,0.8073915033370869,-0.03807743705906014,9.879449881132757,9.841372444073697
CHEMBL273264_div,B,24,PRO,P,1.1431142877487819,-3.637824552828706e-06,0.749658210401173,0.7496545725766202
CHEMBL273264_div,B,28,TYR,Y,1.188715379409407,-3.4744295548688013e-06,3.053223865115217,3.053220390685662
CHEMBL273264_div,B,37,THR,T,1.19064577745058,-3.0388174017403925e-05,12.173057285337668,12.17302689716365
CHEMBL273264_div,B,38,ILE,I,0.6210382790000198,-0.1120106544752867,-9.646367616453198,-9.758378270928484
CHEMBL273264_div,B,39,GLU,E,0.9455836184200371,-0.018464151632473443,5.981610504094517,5.963146352462044
CHEMBL273264_div,B,40,CYS,C,0.6436875076856693,-0.2554164362381558,-1.5714381798878794,-1.826854616126035
CHEMBL273264_div,B,41,LYS,K,0.9749433449983823,-0.022652617142114067,2.9016363784779973,2.878983761335883
CHEMBL273264_div,B,42,PHE,F,0.8718380023661626,-0.06602560675173014,-0.39363125205843996,-0.4596568588101701
CHEMBL273264_div,B,43,PRO,P,1.1498260946094223,-2.9168695475885245e-05,0.29793659391536204,0.29790742521988617
CHEMBL273264_div,B,50,LEU,L,1.1682211999120067,-0.0001688902457328371,-4.473705290551815,-4.473874180797548
CHEMBL273264_div,B,52,ALA,A,0.8104432442085525,-0.044955746118314904,-11.087291251942089,-11.132246998060404
CHEMBL273264_div,B,53,LEU,L,0.797842858144345,-0.1453890585172987,32.30485347611671,32.159464417599416
CHEMBL273264_div,B,54,ILE,I,0.37495107765584607,-4.020729030553264,-6.99440074121522,-11.015129771768484
CHEMBL273264_div,B,55,VAL,V,0.4324300292002106,-2.0408961882222005,-5.7618052956639,-7.802701483886101
CHEMBL273264_div,B,56,TYR,Y,0.18852130752400387,-23.350484886537732,-8.581975656853057,-31.93246054339079
CHEMBL273264_div,B,57,TRP,W,0.23681971134206173,-12.060121529877017,-18.297190997580785,-30.3573125274578
CHEMBL273264_div,B,58,GLU,E,0.1987882192932692,-5.72832915245847,6.932221452204248,1.2038922997457773
CHEMBL273264_div,B,59,MET,M,0.5217063590606469,-0.6442322434493731,1.8785616705387596,1.2343294270893863
CHEMBL273264_div,B,60,GLU,E,0.7607921433738019,-0.08079732098787781,-5.93526763082371,-6.016064951811588
CHEMBL273264_div,B,61,ASP,D,0.717924120611762,-0.15910726196015082,24.478541715496647,24.319434453536495
CHEMBL273264_div,B,62,LYS,K,0.7112593177298057,-0.1750061526048694,12.155063974694146,11.980057822089277
CHEMBL273264_div,B,63,ASN,N,0.5920893667642048,-0.7875114546062347,25.118642918509188,24.331131463902953
CHEMBL273264_div,B,64,ILE,I,0.559215146662238,-0.4175938629895741,-7.66832469810177,-8.085918561091344
CHEMBL273264_div,B,65,ILE,I,0.6399239885126299,-0.5326097144064906,-18.61129205517054,-19.14390176957703
CHEMBL273264_div,B,66,GLN,Q,0.4763878890166358,-1.5529239143487377,16.50009292540982,14.947169011061083
CHEMBL273264_div,B,67,PHE,F,0.7679401542151869,-0.24384530387858028,-7.427600058092307,-7.671445361970887
CHEMBL273264_div,B,68,VAL,V,0.6131874176494065,-0.37607541095888897,-1.9283426459101993,-2.304418056869088
CHEMBL273264_div,B,69,HIS,H,0.9007984859822256,-0.0874419508857092,-11.53049366548563,-11.617935616371339
CHEMBL273264_div,B,71,GLU,E,1.1731002485335988,-0.000983023268466927,16.935454605528882,16.934471582260414
CHEMBL273264_div,B,73,ASP,D,0.9076917772086164,-0.02863478384291654,-20.042608926342478,-20.071243710185396
CHEMBL273264_div,B,75,LYS,K,1.1272056814669902,-0.0008129034220272036,7.4957245953184835,7.494911691896457
CHEMBL273264_div,B,76,VAL,V,0.6259185014911716,-0.2679289914817877,-7.401555519920145,-7.669484511401933
CHEMBL273264_div,B,77,GLN,Q,1.1202085028572728,-0.0007715024906593107,23.047114063641047,23.046342561150386
CHEMBL273264_div,B,78,HIS,H,1.1182025915126903,-0.0005413394752615525,7.177337700251794,7.176796360776533
CHEMBL273264_div,B,81,TYR,Y,0.9940730169643286,-0.007660183725649308,-0.23586413827237607,-0.24352432199802537
CHEMBL273264_div,B,85,ALA,A,1.1068571443986976,-0.0004227482938195076,-1.0065018353642932,-1.0069245836581127
CHEMBL273264_div,B,86,ARG,R,1.1152209245399116,-0.0023310252656604325,3.1019342302941855,3.099603205028525
CHEMBL273264_div,B,87,LEU,L,0.7226773101408108,-0.10936125696103849,18.10408670709477,17.994725450133732
CHEMBL273264_div,B,88,LEU,L,1.0967742963722655,-9.942271355683623e-05,-17.189229822249402,-17.18932924496296
CHEMBL273264_div,B,92,LEU,L,0.9090832697903861,-0.021464200303109297,2.2243995953399516,2.2029353950368424
CHEMBL273264_div,B,95,GLY,G,1.1463243822128646,-5.00943399966996e-05,-21.264786646365206,-21.264836740705203
CHEMBL273264_div,B,96,ASN,N,1.030771561231585,-0.004979910273351244,8.227514504790376,8.222534594517025
CHEMBL273264_div,B,97,ALA,A,0.5773194298341102,-0.21149756720095228,-4.30837248308641,-4.519870050287363
CHEMBL273264_div,B,98,ALA,A,0.816624133722425,-0.043286883205580835,-4.077817270085637,-4.121104153291218
CHEMBL273264_div,B,99,LEU,L,0.5791178010002496,-0.22833441030576337,-3.119369736773509,-3.3477041470792726
CHEMBL273264_div,B,100,GLN,Q,1.0767637327197033,-0.0015658448235752716,-12.868853179276005,-12.870419024099581
CHEMBL273264_div,B,101,ILE,I,0.9796289546279254,-0.003887118365821961,1.9989564059250609,1.9950692875592388
CHEMBL273264_div,B,108,ASP,D,1.1083179076556011,-0.0009703338720441541,7.4013502289142785,7.400379895042234
CHEMBL273264_div,B,109,ALA,A,1.1899167910503379,-2.255507100366305e-05,-12.558894175187268,-12.558916730258272
CHEMBL273264_div,B,110,GLY,G,0.9828389941477896,-0.009759536951530772,4.180575309717023,4.170815772765492
CHEMBL273264_div,B,111,VAL,V,0.6549933082336445,-0.16051720541255748,-3.5392210586985136,-3.699738264111071
CHEMBL273264_div,B,112,TYR,Y,0.3770830993505997,-1.4613245855446904,4.318161621497857,2.8568370359531663
CHEMBL273264_div,B,113,ARG,R,0.21598913773280504,-8.391308141184412,-15.950899485518711,-24.34220762670312
CHEMBL273264_div,B,114,CYS,C,0.23568296655700652,-5.195301094238749,21.736908403108256,16.54160730886951
CHEMBL273264_div,B,115,MET,M,0.24708297418662478,-23.13074235379128,-1.2719832830716649,-24.402725636862947
CHEMBL273264_div,B,116,ILE,I,0.3319492845740298,-4.063214826851301,-3.4180644873603994,-7.4812793142117
CHEMBL273264_div,B,117,SER,S,0.310165521662576,-2.8703710865109597,-6.852701726213316,-9.723072812724276
CHEMBL273264_div,B,118,TYR,Y,0.7019203430338329,-0.11308577836897055,-18.3407421628908,-18.453827941259767
CHEMBL273264_div,B,119,GLY,G,0.8113800657612332,-0.039970465607869404,20.877528820544793,20.837558354936924
CHEMBL273264_div,B,120,GLY,G,0.7906119853741135,-0.0641602604523586,-4.398153230902245,-4.462313491354603
CHEMBL273264_div,B,121,ALA,A,0.5368944015728141,-0.42409607584687226,-3.8056690677856815,-4.229765143632553
CHEMBL273264_div,B,122,ASP,D,0.638087958556017,-0.4073377816516606,22.840289131237892,22.432951349586233
CHEMBL273264_div,B,123,TYR,Y,0.5524864323760559,-1.6127418178659,11.746414675473218,10.13367285760732
CHEMBL273264_div,B,124,LYS,K,0.6265386556726629,-0.4983400510467005,-22.873727921970442,-23.372067973017142
CHEMBL273264_div,B,125,ARG,R,0.6340325832268701,-0.349045674994579,-39.27532375683776,-39.624369431832335
CHEMBL273264_div,B,126,ILE,I,0.6330103183323353,-0.20237870855700904,1.2572082145239885,1.0548295059669794
CHEMBL273264_div,B,127,THR,T,0.9989555542710173,-0.0069319750291694255,16.523341275469456,16.516409300440287
CHEMBL273264_div,B,128,VAL,V,1.0063356700401678,-0.002420533970613756,-2.980593922432236,-2.98301445640285
CHEMBL34259_div,A,18,ALA,A,0.5815815062426511,-0.2350884904334078,-9.242223007528237,-9.477311497961644
CHEMBL34259_div,A,19,PHE,F,0.4281704598146867,-2.9618956501172207,-5.351017690533127,-8.312913340650347
CHEMBL34259_div,A,20,THR,T,0.5536465413646627,-0.7132858767357648,-60.138219978470076,-60.85150585520584
CHEMBL34259_div,A,21,VAL,V,0.19624655390073392,-6.533390747037493,68.40357302397506,61.87018227693756
CHEMBL34259_div,A,22,THR,T,0.5075256773973681,-0.47127173045223875,18.17401465289127,17.702742922439032
CHEMBL34259_div,A,23,VAL,V,0.4657712519077475,-0.3967709758028067,13.1349523654346,12.738181389631793
CHEMBL34259_div,A,24,PRO,P,0.8829425444527689,-0.014786185516695471,10.66971381922289,10.654927633706194
CHEMBL34259_div,A,25,LYS,K,0.9513602529646895,-0.007522530783256072,-8.283309783809829,-8.290832314593084
CHEMBL34259_div,A,26,ASP,D,0.9377926759479516,-0.011958677926659582,-5.737080324118832,-5.749039002045492
CHEMBL34259_div,A,28,TYR,Y,1.0135787368235125,-0.0005595590737504446,-19.947021742552103,-19.947581301625853
CHEMBL34259_div,A,38,ILE,I,0.9051098475951306,-0.03726011122959755,12.2383108045083,12.201050693278702
CHEMBL34259_div,A,39,GLU,E,0.6942817086452774,-0.09402356406231122,-8.95473991774546,-9.048763481807772
CHEMBL34259_div,A,40,CYS,C,0.31872873636808824,-2.7782624294936533,10.970392523513976,8.192130094020323
CHEMBL34259_div,A,41,LYS,K,0.5771011623007578,-0.26060131823914584,14.012678022559975,13.752076704320828
CHEMBL34259_div,A,42,PHE,F,0.5394938232510675,-0.5148206549135316,-3.463081181605746,-3.9779018365192775
CHEMBL34259_div,A,43,PRO,P,0.7379320198981073,-0.0940525222305618,16.78555042889155,16.691497906660988
CHEMBL34259_div,A,44,VAL,V,1.0852983683085453,-0.0005127384753756915,-9.348648619400203,-9.349161357875579
CHEMBL34259_div,A,52,ALA,A,1.0635880246635632,-0.0041754882342016604,4.337066120211261,4.332890631977059
CHEMBL34259_div,A,53,LEU,L,0.9162124671085857,-0.03830709908586207,-15.05057607140618,-15.088883170492043
CHEMBL34259_div,A,54,ILE,I,0.6435545627096966,-0.5046295439836262,18.001291677630856,17.49666213364723
CHEMBL34259_div,A,55,VAL,V,0.7497964804828235,-0.4209134918418926,8.207721188691755,7.786807696849863
CHEMBL34259_div,A,56,TYR,Y,0.5143075446685741,-1.2328371913905753,2.5405715850453165,1.3077343936547412
CHEMBL34259_div,A,57,TRP,W,0.6618954823568292,-0.944857041462045,-23.264749462067105,-24.209606503529148
CHEMBL34259_div,A,58,GLU,E,0.6115826932377556,-0.5478475877144676,49.03714999678441,48.48930240906994
CHEMBL34259_div,A,59,MET,M,0.8263246849592815,-0.04251587786025406,9.500287293094564,9.45777141523431
CHEMBL34259_div,A,60,GLU,E,0.9114993205285598,-0.007615150533616848,10.119363514398993,10.111748363865376
CHEMBL34259_div,A,61,ASP,D,1.000411545201207,-0.0018352988522214707,-5.6011283912047,-5.602963690056922
CHEMBL34259_div,A,62,LYS,K,1.0609130921755783,-0.0018536421889019563,6.019579322061926,6.017725679873024
CHEMBL34259_div,A,63,ASN,N,1.0863101541836209,-0.0005956559134731097,16.54576302734411,16.545167371430637
CHEMBL34259_div,A,64,ILE,I,1.0195068101701381,-0.008012501121368488,-1.2145743331910883,-1.2225868343124568
CHEMBL34259_div,A,65,ILE,I,1.0154383378949907,-0.01274124508867149,-15.547253073879038,-15.559994318967709
CHEMBL34259_div,A,66,GLN,Q,0.9963942737112993,-0.009275238830810151,-19.192092439648114,-19.201367678478924
CHEMBL34259_div,A,67,PHE,F,1.0527167149101941,-0.006907458382822472,-2.8883533081060935,-2.895260766488916
CHEMBL34259_div,A,68,VAL,V,1.0337223640087532,-0.0027651973081460617,1.577000614718382,1.5742354174102358
CHEMBL34259_div,A,69,HIS,H,1.1652928363796475,-0.0002389216913820628,-2.3797622070017974,-2.3800011286931793
CHEMBL34259_div,A,87,LEU,L,1.086506165009846,-0.0018485029741299789,-3.397052448894024,-3.3989009518681543
CHEMBL34259_div,A,92,LEU,L,1.1927357707468755,-3.774517629885793e-06,1.8561681502857428,1.856164375768113
CHEMBL34259_div,A,95,GLY,G,0.949416796246634,-0.010420230059768946,0.9872637763719716,0.9768435463122026
CHEMBL34259_div,A,96,ASN,N,0.9164894542565696,-0.02652993071591646,-27.900704911488766,-27.927234842204683
CHEMBL34259_div,A,97,ALA,A,0.6828102350395291,-0.18685892010746566,-19.148901491094787,-19.33576041120225
CHEMBL34259_div,A,98,ALA,A,1.032795353133966,-0.007545441371680734,27.5658484708045,27.55830302943282
CHEMBL34259_div,A,99,LEU,L,1.0773794860668298,-0.002645870075295544,-10.77179490358079,-10.774440773656085
CHEMBL34259_div,A,110,GLY,G,1.129712955449844,-6.613058982779592e-05,0.5074057964945489,0.507339665904721
CHEMBL34259_div,A,111,VAL,V,0.7272015992058027,-0.08134064755258424,7.117277649704269,7.035937002151685
CHEMBL34259_div,A,112,TYR,Y,0.5069977605445745,-0.45879453733116604,-16.350190549386316,-16.80898508671748
CHEMBL34259_div,A,113,ARG,R,0.2725711075689438,-7.811601952106537,-22.752365117870852,-30.563967069977387
CHEMBL34259_div,A,114,CYS,C,0.21581181510391445,-13.040812235258473,12.984701780624311,-0.056110454634161755
CHEMBL34259_div,A,115,MET,M,0.2393335226658413,-23.519826462106295,-33.04485719588126,-56.56468365798755
CHEMBL34259_div,A,116,ILE,I,0.2802531345120667,-13.167344397584277,-31.434401614204837,-44.60174601178912
CHEMBL34259_div,A,117,SER,S,0.385122022002325,-2.798384847384106,7.037607825164601,4.239222977780495
CHEMBL34259_div,A,118,TYR,Y,0.5910716868167581,-0.3246498659147139,-25.060131491435577,-25.384781357350292
CHEMBL34259_div,A,119,GLY,G,0.7936761536314477,-0.19649052983837337,29.576331139670582,29.379840609832208
CHEMBL34259_div,A,120,GLY,G,0.40075405900459227,-2.320465524128466,10.418583967682723,8.098118443554258
CHEMBL34259_div,A,121,ALA,A,0.23163020531420517,-9.516332220436933,-3.199908632913605,-12.716240853350538
CHEMBL34259_div,A,122,ASP,D,0.1975723767206807,-18.645630495220225,27.907184177071944,9.26155368185172
CHEMBL34259_div,A,123,TYR,Y,0.2355987276249881,-21.75606402735018,58.017840502178565,36.26177647482838
CHEMBL34259_div,A,124,LYS,K,0.19956329105028733,-13.588405257914596,-24.595231804126964,-38.18363706204156
CHEMBL34259_div,A,125,ARG,R,0.41420976856933156,-1.7523324508500675,3.9203257644955,2.1679933136454324
CHEMBL34259_div,A,126,ILE,I,0.5887840228986702,-0.3661183068090964,11.607039897401387,11.240921590592292
CHEMBL34259_div,A,127,THR,T,1.0064512777664472,-0.007570655301984079,-12.029837452590002,-12.037408107891986
CHEMBL34259_div,A,128,VAL,V,1.183749716865618,-3.9497289085257854e-06,1.4652377169406134,1.4652337672117048
CHEMBL34259_div,B,19,PHE,F,0.8130895985306872,-0.045154647422695524,-6.189486473893274,-6.23464112131597
CHEMBL34259_div,B,20,THR,T,1.1664016360794962,-0.0003786379388706423,7.018702423337959,7.018323785399088
CHEMBL34259_div,B,21,VAL,V,0.7487284418434499,-0.05745185124309301,-4.959594211006702,-5.017046062249795
CHEMBL34259_div,B,38,ILE,I,0.7376842015345064,-0.03002013469140595,-13.615067387969207,-13.645087522660612
CHEMBL34259_div,B,39,GLU,E,1.0747189728351347,-0.0001615441991572596,-10.094770558765203,-10.09493210296436
CHEMBL34259_div,B,40,CYS,C,0.8975575557375565,-0.020482379676911293,29.852717327805873,29.832234948128963
CHEMBL34259_div,B,41,LYS,K,1.1557019959478094,-0.00018723306708646675,-15.192239887273988,-15.192427120341074
CHEMBL34259_div,B,42,PHE,F,1.016204873691295,-0.007293528566951582,-3.013816389789806,-3.021109918356758
CHEMBL34259_div,B,50,LEU,L,0.9130210855757963,-0.054874473034841754,35.72950397124648,35.67462949821164
CHEMBL34259_div,B,51,ALA,A,0.960422951632059,-0.021929665152509593,15.10279505567317,15.08086539052066
CHEMBL34259_div,B,52,ALA,A,1.0194192691535606,-0.02303903450421336,-14.414882823932412,-14.437921858436626
CHEMBL34259_div,B,53,LEU,L,0.6947115904736468,-0.4565270193783479,-3.0920344676806195,-3.5485614870589672
CHEMBL34259_div,B,54,ILE,I,0.2419217225181332,-8.040239318951686,11.92953696158695,3.8892976426352632
CHEMBL34259_div,B,55,VAL,V,0.2883574590895632,-12.24904191471175,-4.371412592937773,-16.620454507649523
CHEMBL34259_div,B,56,TYR,Y,0.22341431637488848,-37.061613326012335,7.574781860154612,-29.486831465857723
CHEMBL34259_div,B,57,TRP,W,0.25226202973502615,-6.871580185578714,44.20413445781764,37.33255427223892
CHEMBL34259_div,B,58,GLU,E,0.5881502445562103,-1.2341139203812288,68.26423332988733,67.0301194095061
CHEMBL34259_div,B,59,MET,M,0.9088144145554934,-0.039733011642967636,52.91136698988753,52.87163397824457
CHEMBL34259_div,B,60,GLU,E,1.0924184608331722,-0.00262408335069909,-42.73369558165115,-42.736319665001844
CHEMBL34259_div,B,61,ASP,D,0.6893957662586798,-0.179095191576064,-16.465852009815833,-16.644947201391897
CHEMBL34259_div,B,62,LYS,K,0.8070250906695448,-0.16876392979360064,36.34325376849697,36.17448983870337
CHEMBL34259_div,B,63,ASN,N,0.326839037854032,-4.818995772138076,-8.779509882411258,-13.598505654549335
CHEMBL34259_div,B,64,ILE,I,0.5109931879337931,-0.9076044515378081,17.203650753376234,16.296046301838427
CHEMBL34259_div,B,65,ILE,I,0.20967742779159973,-9.425540346436579,-16.783539390384558,-26.20907973682114
CHEMBL34259_div,B,66,GLN,Q,0.24600273147706345,-14.0660920795501,-6.144875141379379,-20.21096722092948
CHEMBL34259_div,B,67,PHE,F,0.18314169189446572,-12.60419421482178,29.292720204758957,16.688525989937176
CHEMBL34259_div,B,68,VAL,V,0.18588611327514945,-5.783086300906296,-7.860887938671949,-13.643974239578245
CHEMBL34259_div,B,69,HIS,H,0.6079725653576562,-0.8139389040925442,54.036531913990046,53.2225930098975
CHEMBL34259_div,B,70,GLY,G,0.8105885148660932,-0.07322180079405302,21.953252485886928,21.880030685092876
CHEMBL34259_div,B,71,GLU,E,0.6617209129841177,-0.22531506555802572,6.478243451042432,6.252928385484406
CHEMBL34259_div,B,72,GLU,E,0.6309633302786423,-0.36889413557771616,59.85024684786528,59.48135271228756
CHEMBL34259_div,B,73,ASP,D,0.6516145947218691,-0.4189145178134452,-45.1245940446823,-45.543508562495745
CHEMBL34259_div,B,74,LEU,L,0.8333531624488612,-0.18154036572016147,4.8210485170148,4.639508151294638
CHEMBL34259_div,B,75,LYS,K,0.6899300986083245,-0.3211564630838598,16.145419349486534,15.824262886402675
CHEMBL34259_div,B,76,VAL,V,0.30507654692976593,-4.749446836444199,-27.67709413427119,-32.426540970715386
CHEMBL34259_div,B,77,GLN,Q,0.6115420847134104,-0.6279343728316903,4.6157716605625545,3.9878372877308643
CHEMBL34259_div,B,78,HIS,H,0.7791512705655861,-0.06794820504094834,13.145283074962165,13.077334869921216
CHEMBL34259_div,B,79,SER,S,1.1938740617420849,-0.00019615234099566462,-1.8672437180475596,-1.8674398703885553
CHEMBL34259_div,B,81,TYR,Y,0.9290949279640006,-0.04655142992890957,-14.559600172117802,-14.606151602046712
CHEMBL34259_div,B,82,ARG,R,1.0398121288040387,-0.006514414431336651,-0.9882758390509807,-0.9947902534823173
CHEMBL34259_div,B,83,GLN,Q,1.1603052138983552,-9.35109439414618e-05,-2.092196809060267,-2.0922903200042087
CHEMBL34259_div,B,84,ARG,R,1.18744249362651,-3.561163329533154e-07,25.447203697585024,25.44720334146869
CHEMBL34259_div,B,85,ALA,A,0.7408201610486782,-0.07124468188290774,5.362407907499497,5.2911632256165895
CHEMBL34259_div,B,86,ARG,R,0.8821017674440326,-0.054320309562216854,4.830023020031339,4.7757027104691225
CHEMBL34259_div,B,87,LEU,L,0.4671335992401658,-0.9241732914223187,7.40712949188861,6.482956200466291
CHEMBL34259_div,B,88,LEU,L,0.9298222009418579,-0.014345359224554908,9.163279009688386,9.148933650463832
CHEMBL34259_div,B,89,LYS,K,0.9239400508517684,-0.027520673651766824,-30.916692164196757,-30.944212837848525
CHEMBL34259_div,B,92,LEU,L,0.7126441949092395,-0.09434155901514402,10.376085059160433,10.28174350014529
CHEMBL34259_div,B,96,ASN,N,1.1100895266464974,-0.0030324858960444727,-32.980632744686886,-32.98366523058293
CHEMBL34259_div,B,97,ALA,A,0.6649644012940432,-0.12221231099579936,-1.8403042877283675,-1.9625165987241668
CHEMBL34259_div,B,98,ALA,A,0.8421473477265397,-0.04152279430818414,7.947826977098828,7.9063041827906435
CHEMBL34259_div,B,99,LEU,L,0.435629448757067,-0.512465389208086,10.380515830298854,9.868050441090768
CHEMBL34259_div,B,100,GLN,Q,0.9111143507144297,-0.014757388462097233,-14.716205945618995,-14.730963334081093
CHEMBL34259_div,B,101,ILE,I,0.9148900756489358,-0.009612698387373006,-11.31752875076556,-11.327141449152933
CHEMBL34259_div,B,112,TYR,Y,0.8734612631039405,-0.019200868469231094,-35.906628801200455,-35.92582966966969
CHEMBL34259_div,B,113,ARG,R,0.6465007912386852,-0.6355830728173171,-43.84138537377065,-44.47696844658797
CHEMBL34259_div,B,114,CYS,C,0.6555347358527864,-0.4267119051824891,-14.32188524342143,-14.74859714860392
CHEMBL34259_div,B,115,MET,M,0.20956918073434155,-9.542213639733788,-10.56656838460021,-20.108782024333998
CHEMBL34259_div,B,116,ILE,I,0.47654195192220455,-1.2746676858987702,-35.36907104017159,-36.64373872607036
CHEMBL34259_div,B,117,SER,S,0.4658179767157259,-0.9741717511214564,-108.70209015099357,-109.67626190211503
CHEMBL34259_div,B,118,TYR,Y,0.831596734590021,-0.04143680761150909,1.9365209723986407,1.8950841647871317
CHEMBL34259_div,B,119,GLY,G,0.9054939398884444,-0.017977077253642577,22.899763935967435,22.88178685871379
CHEMBL34259_div,B,120,GLY,G,0.7718149122642343,-0.06067644416495288,12.760962648165766,12.700286204000813
CHEMBL34259_div,B,121,ALA,A,0.4518596715507269,-0.5532814448672435,-15.635058329272425,-16.188339774139667
CHEMBL34259_div,B,122,ASP,D,0.571721196438098,-0.3560708518167565,-34.01038386291228,-34.36645471472903
CHEMBL34259_div,B,123,TYR,Y,0.5778024239761946,-0.46866628285985806,24.56369732148784,24.095031038627983
CHEMBL34259_div,B,124,LYS,K,0.8396819271366807,-0.0385592531770174,4.96806663906617,4.929507385889153
CHEMBL34259_div,B,125,ARG,R,1.124985125837842,-0.0007057483237279699,0.42650853680876644,0.42580278848503844
CHEMBL34259_div,B,126,ILE,I,1.0435938435567091,-0.0017854183862240395,0.5743408278870741,0.57255540950085
CHEMBL406_div,A,18,ALA,A,0.8534579958836537,-0.0552728659547651,28.74971381233737,28.694440946382603
CHEMBL406_div,A,19,PHE,F,0.5081276297374728,-0.9762732756845497,-11.149074648578493,-12.125347924263043
CHEMBL406_div,A,20,THR,T,0.7962997768876136,-0.2210148499077469,2.363059204661716,2.1420443547539687
CHEMBL406_div,A,21,VAL,V,0.537720871449825,-0.7642745013270754,0.9069013432893165,0.14262684196224107
CHEMBL406_div,A,22,THR,T,0.9937355191183926,-0.021163222316983032,33.99714553034485,33.97598230802787
CHEMBL406_div,A,23,VAL,V,1.020757859178775,-0.0035411064409252833,1.3475869517472414,1.3440458453063162
CHEMBL406_div,A,40,CYS,C,0.9115996633039933,-0.04795409201915223,6.803890969727771,6.755936877708619
CHEMBL406_div,A,41,LYS,K,1.0848051488516455,-0.004022786213041482,36.737440448254134,36.73341766204109
CHEMBL406_div,A,42,PHE,F,0.8777078867361628,-0.06361513242089809,-13.007931590961068,-13.071546723381966
CHEMBL406_div,A,43,PRO,P,1.0378214855756815,-0.001460067445498537,-1.1503242979880652,-1.1517843654335638
CHEMBL406_div,A,48,LEU,L,1.114501969897228,-4.3317466242952224e-05,0.77722576251918,0.777182445052937
CHEMBL406_div,A,50,LEU,L,1.1540133424842003,-0.0001817541152958742,-4.262742183014729,-4.262923937130025
CHEMBL406_div,A,51,ALA,A,1.1576470400366534,-0.00047988746742871197,-4.007684329946197,-4.008164217413626
CHEMBL406_div,A,52,ALA,A,0.8296107219192754,-0.026425655675285407,-10.210004223964411,-10.236429879639697
CHEMBL406_div,A,53,LEU,L,0.6991405501902315,-0.1571922518741428,-39.77140528599428,-39.92859753786842
CHEMBL406_div,A,54,ILE,I,0.2822656465238631,-4.597975165853278,-0.8569155712083059,-5.454890737061584
CHEMBL406_div,A,55,VAL,V,0.5094094589183,-0.9966439205328901,-10.77627383222426,-11.77291775275715
CHEMBL406_div,A,56,TYR,Y,0.3800364663459636,-4.772056807308323,-1.5483656102310248,-6.320422417539348
CHEMBL406_div,A,57,TRP,W,0.7818106585990712,-0.29588758697812384,-1.4433901012236587,-1.7392776882017826
CHEMBL406_div,A,58,GLU,E,0.5504394263350223,-0.6309975493240061,-38.37365631467418,-39.004653863998186
CHEMBL406_div,A,59,MET,M,1.044270864837852,-0.005174225517794492,-0.2814351648145288,-0.2866093903323233
CHEMBL406_div,A,60,GLU,E,1.110615245425671,-0.00032077291326953013,0.28213488433555944,0.2818141114222899
CHEMBL406_div,A,61,ASP,D,0.9654082388012717,-0.018254282452590292,-5.531069833316917,-5.549324115769507
CHEMBL406_div,A,62,LYS,K,1.032174034720431,-0.008366242842816132,8.597735315958627,8.58936907311581
CHEMBL406_div,A,63,ASN,N,0.8090772711160361,-0.04962272786688521,-17.922032245057274,-17.97165497292416
CHEMBL406_div,A,64,ILE,I,1.0284772600142296,-0.0019785095462204706,-0.9455137672486724,-0.9474922767948929
CHEMBL406_div,A,65,ILE,I,0.8234913263434491,-0.08429314075829208,18.369741772893985,18.285448632135694
CHEMBL406_div,A,66,GLN,Q,0.45699889013562645,-0.8000537208426924,6.752815303386879,5.952761582544187
CHEMBL406_div,A,67,PHE,F,0.6572902800741474,-0.18331284592656916,-1.08096379640372,-1.2642766423302891
CHEMBL406_div,A,68,VAL,V,0.561351632722541,-0.206169074242495,-6.512982830243397,-6.719151904485892
CHEMBL406_div,A,69,HIS,H,0.9354770879908321,-0.004815979279430653,1.603318688335513,1.5985027090560824
CHEMBL406_div,A,70,GLY,G,1.1120638257208486,-3.878856704421306e-05,2.338978480982176,2.3389396924151318
CHEMBL406_div,A,71,GLU,E,1.0958775835006929,-0.0013108526301287453,-2.5472408770817694,-2.5485517297118983
CHEMBL406_div,A,72,GLU,E,1.1185496611151409,-3.441673309651049e-05,0.8548246181351186,0.854790201402022
CHEMBL406_div,A,73,ASP,D,0.9038982755543467,-0.02497356907249548,-5.387117124230742,-5.412090693303237
CHEMBL406_div,A,76,VAL,V,0.9687491272021435,-0.007259811133751109,0.1209925761470968,0.11373276501334569
CHEMBL406_div,A,87,LEU,L,1.0513471995317123,-0.007124204892534135,-2.122406090699099,-2.1295302955916333
CHEMBL406_div,A,92,LEU,L,1.0358674021184877,-0.0024599391630455254,3.9612546465383005,3.958794707375255
CHEMBL406_div,A,97,ALA,A,0.9191869050388126,-0.02431334667040078,-0.8019406648061345,-0.8262540114765352
CHEMBL406_div,A,111,VAL,V,1.030891745974941,-0.002797525421745369,1.7098313356068946,1.7070338101851492
CHEMBL406_div,A,112,TYR,Y,0.9551021065149247,-0.01686055357604939,-1.3230143799809388,-1.3398749335569882
CHEMBL406_div,A,113,ARG,R,0.3123964400089464,-2.647810840303365,15.202919303692127,12.555108463388763
CHEMBL406_div,A,114,CYS,C,0.5293059883649349,-0.8348812150125187,-17.06092819632168,-17.8958094113342
CHEMBL406_div,A,115,MET,M,0.2310929629504837,-20.432545960508413,1.009550397866139,-19.422995562642274
CHEMBL406_div,A,116,ILE,I,0.2788810997992231,-7.342522459702643,1.7747005593543272,-5.567821900348315
CHEMBL406_div,A,117,SER,S,0.2578609329143606,-5.885178922193645,5.124400690478516,-0.760778231715129
CHEMBL406_div,A,118,TYR,Y,0.6007475738628137,-0.338023953919498,0.16643864331470626,-0.17158531060479176
CHEMBL406_div,A,119,GLY,G,0.8493518581502736,-0.1700426312073629,-6.680264441794266,-6.8503070730016296
CHEMBL406_div,A,120,GLY,G,0.549153691814721,-1.426160851472136,1.143647456037776,-0.28251339543435994
CHEMBL406_div,A,121,ALA,A,0.23306162102938646,-17.069913115446603,0.8823565481835027,-16.1875565672631
CHEMBL406_div,A,122,ASP,D,0.24737968213328995,-15.038431532534483,6.169454291401498,-8.868977241132985
CHEMBL406_div,A,123,TYR,Y,0.1887514358067453,-13.989107706278878,3.925695842990334,-10.063411863288543
CHEMBL406_div,A,124,LYS,K,0.522980168004737,-0.6874637808314409,-3.379343247670018,-4.066807028501459
CHEMBL406_div,A,125,ARG,R,0.8563393517330105,-0.07730021164818224,-50.184727786635904,-50.26202799828408
CHEMBL406_div,A,126,ILE,I,1.046510472301764,-0.0025623462547643885,-4.237976922461232,-4.240539268715996
CHEMBL406_div,B,18,ALA,A,0.9566123648186678,-0.006938274306041621,8.15124466373588,8.14430638942984
CHEMBL406_div,B,19,PHE,F,0.5606698892408073,-0.34866588280897004,4.688624057405413,4.339958174596442
CHEMBL406_div,B,20,THR,T,0.9481920602376531,-0.018364210198042227,-3.470645490774338,-3.48900970097238
CHEMBL406_div,B,21,VAL,V,0.591718889708333,-0.27275455821107975,5.04614564782294,4.77339108961186
CHEMBL406_div,B,22,THR,T,1.0679587997870024,-0.0016758147277246029,-16.31971257839579,-16.321388393123517
CHEMBL406_div,B,23,VAL,V,1.0879618945530591,-0.0013816081162969264,-8.562174150859342,-8.563555758975639
CHEMBL406_div,B,40,CYS,C,0.9112687946577457,-0.04877434431891304,-3.271589779221821,-3.320364123540734
CHEMBL406_div,B,41,LYS,K,1.0590615937413173,-0.0033104145036633153,7.1569766023691965,7.153666187865533
CHEMBL406_div,B,42,PHE,F,0.945990993497245,-0.03735865956331883,-4.371549800091286,-4.408908459654604
CHEMBL406_div,B,43,PRO,P,1.0653945436491532,-0.0005225445727316196,-1.2979519359342595,-1.2984744805069912
CHEMBL406_div,B,50,LEU,L,1.18094722900623,-0.00225628554705508,19.214288284035646,19.21203199848859
CHEMBL406_div,B,51,ALA,A,1.1813065275508938,-0.0009427660014415555,13.844223563469164,13.843280797467722
CHEMBL406_div,B,52,ALA,A,0.7903964185303936,-0.07242905341060338,-3.781171162540308,-3.8536002159509115
CHEMBL406_div,B,53,LEU,L,0.7605689631135545,-0.2606740457696385,-2.157910931189563,-2.4185849769592016
CHEMBL406_div,B,54,ILE,I,0.27587939167437003,-5.080469844088182,-5.863354607711935,-10.943824451800118
CHEMBL406_div,B,55,VAL,V,0.3794684730814804,-4.150557612624199,8.478596815239667,4.328039202615468
CHEMBL406_div,B,56,TYR,Y,0.26205732641737334,-28.283370856990768,-5.259480401414257,-33.54285125840502
CHEMBL406_div,B,57,TRP,W,0.6231026806345549,-1.2226883579516485,-9.778706553246904,-11.001394911198553
CHEMBL406_div,B,58,GLU,E,0.3600296198049186,-3.064376583605488,-31.822596954627937,-34.88697353823343
CHEMBL406_div,B,59,MET,M,0.831702013956618,-0.051585778963879926,2.950888917753199,2.8993031387893193
CHEMBL406_div,B,60,GLU,E,0.8872462400019778,-0.03843258092667187,-3.245366201961186,-3.283798782887858
CHEMBL406_div,B,61,ASP,D,0.6096487632373893,-0.361626184318556,4.830418767801988,4.468792583483432
CHEMBL406_div,B,62,LYS,K,0.869317560893255,-0.07246847823200366,-7.930389962286056,-8.00285844051806
CHEMBL406_div,B,63,ASN,N,0.6177534353615716,-0.6647812171139789,8.281075831614316,7.616294614500338
CHEMBL406_div,B,64,ILE,I,0.8584701378218926,-0.07709668088218055,-0.7983443656847962,-0.8754410465669767
CHEMBL406_div,B,65,ILE,I,0.6419501734265916,-0.371631060731344,-28.45540199033488,-28.827033051066223
CHEMBL406_div,B,66,GLN,Q,0.3413751027596317,-3.387571505951012,11.918432484539172,8.53086097858816
CHEMBL406_div,B,67,PHE,F,0.5406363436879211,-0.7135024766850825,-24.49115713064129,-25.204659607326374
CHEMBL406_div,B,68,VAL,V,0.4260091118777465,-1.123992931596357,-0.27300385802466154,-1.3969967896210185
CHEMBL406_div,B,69,HIS,H,0.7689506999767806,-0.12471205259811782,-17.272917219799556,-17.397629272397673
CHEMBL406_div,B,70,GLY,G,0.9944314562444055,-0.008580608159760255,10.847940190597786,10.839359582438025
CHEMBL406_div,B,71,GLU,E,0.9607002257743356,-0.015999665926771038,29.22239702086855,29.206397354941778
CHEMBL406_div,B,72,GLU,E,0.9739842620943109,-0.012533155131236953,1.7355570862737058,1.7230239311424689
CHEMBL406_div,B,73,ASP,D,0.8067016563426881,-0.09393009313750982,-20.18597741944786,-20.279907512585368
CHEMBL406_div,B,74,LEU,L,1.0362729607802375,-0.006404277760007584,5.853370578960673,5.846966301200665
CHEMBL406_div,B,75,LYS,K,1.0074985460708377,-0.01043118577318462,-9.292009577095307,-9.30244076286849
CHEMBL406_div,B,76,VAL,V,0.5164130664050839,-0.43383649003065766,25.401891631884162,24.968055141853505
CHEMBL406_div,B,77,GLN,Q,1.0209483256889944,-0.0060729775319409195,4.11479260196121,4.108719624429269
CHEMBL406_div,B,78,HIS,H,1.1066815873036897,-0.0007390677486234852,-0.9358280412477042,-0.9365671089963278
CHEMBL406_div,B,87,LEU,L,0.8891262557659282,-0.057930002779564414,-20.463987214887858,-20.521917217667422
CHEMBL406_div,B,92,LEU,L,1.1325108179344798,-0.0006987021493460035,-5.957477699819719,-5.958176401969065
CHEMBL406_div,B,97,ALA,A,0.9138136581408831,-0.025538174250063203,4.404672380329439,4.379134206079375
CHEMBL406_div,B,99,LEU,L,1.1027391377934062,-0.00235218901959665,3.684930743806028,3.6825785547864314
CHEMBL406_div,B,111,VAL,V,0.9157424430627942,-0.018503823349053542,-10.394656343305005,-10.413160166654059
CHEMBL406_div,B,112,TYR,Y,0.8372890178276498,-0.04585751106844304,-20.44154907648625,-20.487406587554695
CHEMBL406_div,B,113,ARG,R,0.31980307744650116,-2.70512356844431,-16.262992393535452,-18.968115961979763
CHEMBL406_div,B,114,CYS,C,0.5636369567176341,-1.0341685255731914,6.422730537473036,5.388562011899845
CHEMBL406_div,B,115,MET,M,0.22265496420807745,-13.668937868874925,-1.9396173875962601,-15.608555256471185
CHEMBL406_div,B,116,ILE,I,0.2782438774522846,-11.480470423449935,6.013895117158142,-5.4665753062917934
CHEMBL406_div,B,117,SER,S,0.2504210492020036,-6.24634960244558,21.22712111559734,14.980771513151758
CHEMBL406_div,B,118,TYR,Y,0.6456486069421614,-0.2899823767973152,3.4241050722587105,3.134122695461395
CHEMBL406_div,B,119,GLY,G,0.7551402774887505,-0.13297476351728227,-8.877834190656102,-9.010808954173385
CHEMBL406_div,B,120,GLY,G,0.6322733190287646,-0.39372046888018725,-15.042703032602066,-15.436423501482254
CHEMBL406_div,B,121,ALA,A,0.2965135495223766,-6.058541615021917,1.5042227500933552,-4.554318864928562
CHEMBL406_div,B,122,ASP,D,0.3052179163984347,-5.5983998149798255,-52.56223172282192,-58.16063153780175
CHEMBL406_div,B,123,TYR,Y,0.2016486909926672,-9.583504748450295,-24.491833452363526,-34.07533820081382
CHEMBL406_div,B,124,LYS,K,0.5903196661404175,-0.3837835452967038,-14.948444687429898,-15.332228232726601
CHEMBL406_div,B,125,ARG,R,0.7740324684548348,-0.19872315277654656,25.058514191715123,24.859791038938575
CHEMBL406_div,B,126,ILE,I,0.9942605508069785,-0.009049816347365574,1.7798067754270874,1.7707569590797219
