mut_id,chain,resnum,resname,aa,is_mutated_site,min_dist_nm,E_vdw_kJmol,E_elec_kJmol,E_residue_kJmol
CDR3_P98KV,A,1,GLU,E,False,0.3648664824575067,-13.770303155709962,12.865020278790418,-0.9052828769195447
CDR3_P98KV,A,2,VAL,V,False,0.37677019327064754,-11.016595279738043,225.4037024761772,214.38710719643913
CDR3_P98KV,A,26,GLY,G,False,0.331462031602153,-1.537241946473931,-17.346884409817076,-18.884126356291006
CDR3_P98KV,A,27,PHE,F,False,0.3751156375717217,-12.939211267598703,-99.35897844730756,-112.29818971490627
CDR3_P98KV,A,30,SER,S,False,0.3444115460256655,-7.5801364558392486,-410.79074049087376,-418.370876946713
CDR3_P98KV,A,31,SER,S,False,0.3162061341160721,-29.430451303840947,-116.33727602440855,-145.7677273282495
CDR3_P98KV,A,32,TYR,Y,False,0.2679585964850416,-28.487785008845727,517.2661569955224,488.77837198667663
CDR3_P98KV,A,33,ALA,A,False,0.395706939070251,-9.606733699967116,-105.36226115225546,-114.96899485222258
CDR3_P98KV,A,47,TRP,W,False,0.3554759995280643,-10.124626474495225,-43.85698704438803,-53.98161351888325
CDR3_P98KV,A,50,ALA,A,False,0.4078759485842647,-5.296289956371406,49.47142578707915,44.175135830707745
CDR3_P98KV,A,51,ILE,I,False,0.43784277472372896,-4.7192086568641045,-109.55680541153178,-114.27601406839588
CDR3_P98KV,A,52,SER,S,False,0.40682743151273304,-11.291367889627677,-13.427918817716396,-24.719286707344075
CDR3_P98KV,A,53,GLY,G,False,0.4951089134185063,-3.987164959600864,9.872151618400869,5.884986658800004
CDR3_P98KV,A,54,SER,S,False,0.3355279846761437,-8.583033516903047,194.25934014327248,185.67630662636944
CDR3_P98KV,A,56,GLY,G,False,0.3511711896556698,-9.875024466299465,-15.347742241361805,-25.222766707661272
CDR3_P98KV,A,57,SER,S,False,0.2868258236988012,-19.982391315308686,136.2212798963593,116.23888858105062
CDR3_P98KV,A,59,TYR,Y,False,0.28114207317467865,-24.55410306828233,113.75403492298662,89.19993185470429
CDR3_P98KV,A,98,VAL,V,True,0.35493645237467,-6.863401682472003,21.448597415589465,14.585195733117462
CDR3_P98KV,A,99,ASP,D,False,0.2792097972669202,-14.027309042635197,-222.92986504596277,-236.95717408859798
CDR3_P98KV,A,100,ILE,I,False,0.3204506852716346,-30.751498995732128,-80.70518797092815,-111.45668696666027
CDR3_P98KV,A,101,GLN,Q,False,0.3885785136595025,-21.654765529550296,13.749104463720506,-7.90566106582979
CDR3_P98KV,A,102,TYR,Y,False,0.35646516541013096,-37.030069396427216,-147.3087005456437,-184.3387699420709
CDR3_P98KV,A,104,ASN,N,False,0.4744513979252268,-3.5725053231238006,-71.4055067599475,-74.9780120830713
CDR3_P98KV,A,107,TYR,Y,False,0.3407155343043951,-16.084110991020573,169.41641494239917,153.3323039513786
CDR3_P98KV,A,110,ASP,D,False,0.2748756461168304,-8.907769955390258,-319.66756008262877,-328.57533003801905
CDR3_P98KV,A,111,TYR,Y,False,0.3679822469325613,-21.568827570781636,79.40816961941944,57.8393420486378
CDR3_P98KA,A,1,GLU,E,False,0.27695283721527614,0.03420276691126863,-119.42945233843524,-119.39524957152398
CDR3_P98KA,A,2,VAL,V,False,0.34108311980903644,-9.046108939964052,-46.18556341247608,-55.23167235244013
CDR3_P98KA,A,26,GLY,G,False,0.3479345255054937,-10.040413646503286,47.65422411077268,37.61381046426939
CDR3_P98KA,A,27,PHE,F,False,0.34203063027235375,-16.28938503667861,-143.2986754489651,-159.58806048564372
CDR3_P98KA,A,28,THR,T,False,0.4659803504606128,-6.7333333520553005,-118.81329810298278,-125.54663145503808
CDR3_P98KA,A,32,TYR,Y,False,0.33862218972990765,-23.53512278289769,177.55062678963859,154.01550400674088
CDR3_P98KA,A,33,ALA,A,False,0.33252488558151666,-8.229707758264572,185.4220745260505,177.19236676778593
CDR3_P98KA,A,35,SER,S,False,0.4938888465915884,-2.2278486300766938,14.71099972508446,12.483151095007766
CDR3_P98KA,A,47,TRP,W,False,0.33122322350517946,-26.44480530072918,-33.35163978106471,-59.79644508179389
CDR3_P98KA,A,50,ALA,A,False,0.4291218676034897,-9.453411713014411,-91.41339821136268,-100.8668099243771
CDR3_P98KA,A,51,ILE,I,False,0.3645476622817755,-7.1626584824822395,62.656260360099886,55.49360187761765
CDR3_P98KA,A,52,SER,S,False,0.3350227281427422,-12.97076607597224,-31.417582884099712,-44.38834896007195
CDR3_P98KA,A,53,GLY,G,False,0.49618411428629416,-2.4398476791635026,-58.69549775632488,-61.13534543548839
CDR3_P98KA,A,54,SER,S,False,0.3954873160436074,-4.854439059164558,-26.31896222809464,-31.1734012872592
CDR3_P98KA,A,56,GLY,G,False,0.37372036244744744,-8.011458515278965,21.837210866891375,13.82575235161241
CDR3_P98KA,A,57,SER,S,False,0.32473404434826686,-16.291700035415936,30.656164742066537,14.364464706650601
CDR3_P98KA,A,59,TYR,Y,False,0.2863276937981324,-22.653712004285037,-100.64962761310498,-123.30333961739002
CDR3_P98KA,A,99,ASP,D,False,0.26570399695278446,-6.729511358294653,-140.50697164467996,-147.2364830029746
CDR3_P98KA,A,100,ILE,I,False,0.2754734952657629,-18.485211841770177,-91.8440932061538,-110.32930504792398
CDR3_P98KA,A,101,GLN,Q,False,0.3695875354712611,-27.96498225275646,50.730168929669496,22.765186676913036
CDR3_P98KA,A,102,TYR,Y,False,0.3710412353016147,-41.21258476729764,-2.1116777541429834,-43.32426252144062
CDR3_P98KA,A,105,TYR,Y,False,0.334327957213809,-5.544542749889907,-20.256282763935367,-25.800825513825274
CDR3_P98KA,A,106,TYR,Y,False,0.39705008493551663,-6.4481039203960036,59.42079533937343,52.972691418977426
CDR3_P98KA,A,107,TYR,Y,False,0.268785347459567,-43.7162236081396,-147.40814379907445,-191.12436740721404
CDR3_P98KA,A,109,MET,M,False,0.47111970314128404,-3.0373023903515546,-4.171619138485674,-7.208921528837228
CDR3_P98KA,A,110,ASP,D,False,0.39410784403219457,-6.765278920826527,5.599643495445718,-1.1656354253808097
CDR3_P98KA,A,111,TYR,Y,False,0.35054017472118737,-8.999273425634918,-98.31817428682304,-107.31744771245795
CDR3_P98KA,A,98,ALA,A,True,,-1.3496118233901673,-34.15020438351116,-35.49981620690133
CDR3_P98KI,A,1,GLU,E,False,0.3585767623083336,-16.217444866521955,-87.63936314048718,-103.85680800700914
CDR3_P98KI,A,2,VAL,V,False,0.3371988411998371,-16.80767703913966,120.209528115474,103.40185107633434
CDR3_P98KI,A,26,GLY,G,False,0.47393662512822693,-2.6204583022560564,-111.4592137962079,-114.07967209846396
CDR3_P98KI,A,44,GLY,G,False,0.38975912128097984,-5.42574146412643,103.55642126645768,98.13067980233124
CDR3_P98KI,A,45,LEU,L,False,0.32492558296859475,-16.43099123440144,105.89554397725648,89.46455274285503
CDR3_P98KI,A,46,GLU,E,False,0.42938605917317285,-6.886258838183628,-20.860616469460204,-27.746875307643833
CDR3_P98KI,A,47,TRP,W,False,0.3497503549730429,-6.423706139450902,10.310243638836479,3.886537499385577
CDR3_P98KI,A,98,ILE,I,True,0.3817479542937371,-8.103970873691614,-126.99180753601159,-135.0957784097032
CDR3_P98KI,A,100,ILE,I,False,0.36996260121812746,-12.106933227666822,-72.3317345430337,-84.43866777070053
CDR3_P98KI,A,102,TYR,Y,False,0.34932503297034156,-20.252467058748625,34.534855635207165,14.28238857645854
CDR3_P98KI,A,104,ASN,N,False,0.3431556047206733,-26.89608255435589,40.07583033072429,13.179747776368398
CDR3_P98KI,A,105,TYR,Y,False,0.2758869343485995,-43.73726811558597,-234.458278691471,-278.195546807057
CDR3_P98KI,A,106,TYR,Y,False,0.37279638231417656,-11.327050803887225,151.50863818669887,140.18158738281164
CDR3_P98KI,A,107,TYR,Y,False,0.2959717020220016,-32.77420994345539,-58.05990254297073,-90.83411248642612
CDR3_P98KI,A,108,GLY,G,False,0.2789875887729342,-1.265870090904577,-130.3719366574142,-131.63780674831878
CDR3_P98KI,A,109,MET,M,False,0.370456464845467,-8.76865597591491,-200.11194973060657,-208.88060570652146
CDR3_P98KI,A,110,ASP,D,False,0.27159115736652856,-2.258176446399786,-574.538160405321,-576.7963368517209
CDR3_P98KI,A,111,TYR,Y,False,0.3591380076021503,-27.92180283797536,-132.66684757286924,-160.5886504108446
CDR3_P98KP,A,31,SER,S,False,0.3961719626142842,-5.4885099217393325,30.185798262346967,24.697288340607635
CDR3_P98KP,A,32,TYR,Y,False,0.3168153257397313,-26.260331620701045,-201.1037233814031,-227.36405500210415
CDR3_P98KP,A,33,ALA,A,False,0.34591986331072183,-13.977188987810752,-87.43695666630404,-101.41414565411479
CDR3_P98KP,A,45,LEU,L,False,0.4745400382001228,-5.317445731248628,-28.528381605670102,-33.84582733691873
CDR3_P98KP,A,50,ALA,A,False,0.3780290641357424,-1.004751567647916,-134.7118562307135,-135.71660779836142
CDR3_P98KP,A,51,ILE,I,False,0.37245954331271375,-7.452940857805918,132.2002599722727,124.74731911446679
CDR3_P98KP,A,52,SER,S,False,0.31836932914455063,-12.56459770512066,61.328465921426265,48.7638682163056
CDR3_P98KP,A,57,SER,S,False,0.34085239125347605,-8.648460420097317,-101.94195311544945,-110.59041353554677
CDR3_P98KP,A,59,TYR,Y,False,0.3428790881409734,-13.921450201426584,15.00852495738916,1.0870747559625755
CDR3_P98KP,A,98,PRO,P,True,0.2778927921885465,-1.9520628889592448,65.92417747820544,63.97211458924619
CDR3_P98KP,A,99,ASP,D,False,0.28695699091873833,-10.754401884045576,-235.6721462360836,-246.42654812012915
CDR3_P98KP,A,100,ILE,I,False,0.317877045533092,-25.754301351021,42.07575676561313,16.32145541459213
CDR3_P98KP,A,101,GLN,Q,False,0.29794943972112403,-45.85390087033143,-14.073611573743415,-59.92751244407484
CDR3_P98KP,A,102,TYR,Y,False,0.3607105723167802,-27.5572412198561,135.0519120745163,107.49467085466021
CDR3_P98KP,A,103,GLY,G,False,0.35201294469283206,-7.7553895496458765,-35.33180110243727,-43.087190652083144
CDR3_P98KP,A,106,TYR,Y,False,0.33799908630824177,-32.93354985530924,271.1381321742046,238.20458231889535
CDR3_P98KP,A,109,MET,M,False,0.3739484798553417,-26.19482971923284,-24.931632731428593,-51.126462450661435
CDR3_P98KP,A,110,ASP,D,False,0.26978599689246335,-9.491511871957071,-415.7741164012885,-425.26562827324557
CDR3_P98KP,A,111,TYR,Y,False,0.400694502980121,-15.858991930628664,-39.93780461344119,-55.79679654406985
CDR3_P98KP,A,112,TRP,W,False,0.2932180393850489,-31.88644687923293,-7.837244137964549,-39.72369101719748
CDR3_P98KL,A,1,GLU,E,False,0.32472129548106693,-25.06954706975225,-25.373167521896917,-50.442714591649164
CDR3_P98KL,A,2,VAL,V,False,0.2927401878422319,-20.314470128745683,-71.38796680516772,-91.7024369339134
CDR3_P98KL,A,27,PHE,F,False,0.3812991431251129,-8.615493773286175,-123.36980435713718,-131.98529813042336
CDR3_P98KL,A,30,SER,S,False,0.31350733548973514,-10.931816392579114,-116.18228290509018,-127.11409929766928
CDR3_P98KL,A,31,SER,S,False,0.3171392827683814,-23.720862995923238,-145.47077430171726,-169.19163729764048
CDR3_P98KL,A,32,TYR,Y,False,0.27075995691962756,-29.490741936277075,-162.98148804333755,-192.4722299796146
CDR3_P98KL,A,33,ALA,A,False,0.3753417455115781,-13.248778949890156,-89.74541032069484,-102.994189270585
CDR3_P98KL,A,35,SER,S,False,0.4999682067247598,-1.3937448094128482,119.92904072696848,118.53529591755563
CDR3_P98KL,A,47,TRP,W,False,0.37478931810848376,-6.3474070753632335,44.25293568060205,37.905528605238814
CDR3_P98KL,A,50,ALA,A,False,0.33418890057031403,-2.1800950156254086,205.38404076836443,203.20394575273903
CDR3_P98KL,A,52,SER,S,False,0.3691882768235696,-9.85597973192283,181.0721979546759,171.21621822275307
CDR3_P98KL,A,53,GLY,G,False,0.348019702033392,-11.985126102825221,-108.87698954870248,-120.8621156515277
CDR3_P98KL,A,54,SER,S,False,0.28910382076607205,-16.48810286766445,-186.16404873584452,-202.65215160350897
CDR3_P98KL,A,55,GLY,G,False,0.4822008287696862,-1.5511315366797291,40.713818625270896,39.16268708859117
CDR3_P98KL,A,59,TYR,Y,False,0.380124590472999,-24.243316914186888,105.74201927530827,81.49870236112137
CDR3_P98KL,A,74,ASN,N,False,0.46791263897983737,-2.2128010581879907,178.8416293575372,176.6288282993492
CDR3_P98KL,A,98,LEU,L,True,0.40724544588033174,-10.486461512345057,173.83336370022872,163.34690218788367
CDR3_P98KL,A,99,ASP,D,False,0.2683395300544764,3.247454871426149,-617.2863507504205,-614.0388958789944
CDR3_P98KL,A,100,ILE,I,False,0.32399964818403115,-28.138184952642003,128.42039972611516,100.28221477347316
CDR3_P98KL,A,101,GLN,Q,False,0.2807498013243273,-40.515380889204394,-117.62445995966766,-158.13984084887204
CDR3_P98KL,A,102,TYR,Y,False,0.3258341376411911,-36.60662801549269,-127.28576038711,-163.8923884026027
CDR3_P98KL,A,103,GLY,G,False,0.3123546837516376,-15.24771924381096,58.826910322001886,43.579191078190924
CDR3_P98KL,A,104,ASN,N,False,0.3369527518277142,-28.64841669824466,-23.568544489352274,-52.21696118759694
CDR3_P98KL,A,105,TYR,Y,False,0.3333587300032971,-11.809821717329745,123.42643742799417,111.61661571066443
CDR3_P98KL,A,106,TYR,Y,False,0.35538864601951964,-40.7033114666612,-37.87756287567845,-78.58087434233965
CDR3_P98KL,A,109,MET,M,False,0.3638323454737142,-16.792942583580864,-53.613025342080064,-70.40596792566093
CDR3_P98KL,A,111,TYR,Y,False,0.36941391108139954,-16.99713454139122,237.34378762321364,220.3466530818224
